ko,zh,romanization,type,note,tags,hanja
ネ,ne ·片假名,ne,word,"ネ･ネ･ネ！看到奶奶要視而不見！
字源來自漢字「祢」，四筆寫完，發音 ne，字形像示字旁「ネ」。","清音,片假名,ナ行,ネ",
ネクタイ,領帶,ne ku ta i,word,,"清音,ナ行,ネ,服裝",
ネイル,指甲 ·外來語,ne i ru,word,,"清音,ナ行,ネ,身體",
ネーブル,臍橙,ne e bu ru,word,,"清音,ナ行,ネ,食物",
ネット,網路,ne t to,word,,"清音,ナ行,ネ,生活",
ネックレス,項鍊,ne k ku re su,word,,"清音,ナ行,ネ,服裝",
父の日のプレゼント、何にする？,父親節的禮物要送什麼？,"chi chi no hi no pu re ze n to, na n ni su ru",sentence,對話 A｜挑父親節禮物｜,"清音,ナ行,ネ,會話",父[ちち]の日[ひ]のプレゼント、何[なん]にする？
ネクタイをあげる。,我要送領帶。,ne ku ta i wo a ge ru,sentence,對話 B｜挑父親節禮物｜,"清音,ナ行,ネ,會話",
