ko,zh,romanization,hanja,type,pos,example_ko,example_zh,note,tags
이자,利息,ija,利子,單字,명사,,,漢字「利子」而非「利息」,金融
악수,握手,aksu,握手,單字,명사,악수를 해요.,握手。,漢字「握手」,社交
아까워하다,覺得可惜,akkawohada,,單字,동사,,,★ 아깝다（可惜，形容詞）+ -어하다 → 動詞。同規則：좋다→좋아하다、슬프다→슬퍼하다。韓語用這個後綴表達「他人的感受」,情緒
우아하다,優雅,uahada,優雅하다,單字,형용사,,,漢字「優雅」,形容
이상형,理想型,isanghyeong,理想型,單字,명사,이상형이 어떻게 돼요?,你的理想型是怎樣的？,漢字「理想型」；聊感情時的常用問句,社交
양말,襪子,yangmal,洋襪,單字,명사,양말을 신어요.,穿襪子。,漢字「洋襪」。襪子與鞋一樣用 신다,服裝
음료수,飲料,eumnyosu,飮料水,單字,명사,,,漢字「飮料水」,食物
예능,綜藝,yeneung,藝能,單字,명사,,,漢字「藝能」；韓國電視綜藝節目的統稱,娛樂
애정하다,超愛,aejeonghada,愛情하다,單字,동사,,,애정（愛情）名詞轉動詞的較新用法，語氣比 좋아하다 更強，網路與粉絲圈常用,情感
